{
  "timestamp": "2026-04-28T13:48:11.942931+00:00",
  "dataset_rows": 200,
  "class_counts": {
    "Adventure": 34,
    "Relaxation": 33,
    "Culture": 33,
    "Budget": 34,
    "Luxury": 33,
    "Family": 33
  },
  "reports": {
    "LogisticRegression": {
      "Adventure": {
        "precision": 0.9117647058823529,
        "recall": 0.9117647058823529,
        "f1-score": 0.9117647058823529,
        "support": 34.0
      },
      "Relaxation": {
        "precision": 0.8857142857142857,
        "recall": 0.9393939393939394,
        "f1-score": 0.9117647058823529,
        "support": 33.0
      },
      "Culture": {
        "precision": 0.9696969696969697,
        "recall": 0.9696969696969697,
        "f1-score": 0.9696969696969697,
        "support": 33.0
      },
      "Budget": {
        "precision": 0.9411764705882353,
        "recall": 0.9411764705882353,
        "f1-score": 0.9411764705882353,
        "support": 34.0
      },
      "Luxury": {
        "precision": 0.96875,
        "recall": 0.9393939393939394,
        "f1-score": 0.9538461538461539,
        "support": 33.0
      },
      "Family": {
        "precision": 1.0,
        "recall": 0.9696969696969697,
        "f1-score": 0.9846153846153847,
        "support": 33.0
      },
      "accuracy": 0.945,
      "macro avg": {
        "precision": 0.9461837386469739,
        "recall": 0.9451871657754011,
        "f1-score": 0.9454773984185749,
        "support": 200.0
      },
      "weighted avg": {
        "precision": 0.9459866071428571,
        "recall": 0.945,
        "f1-score": 0.9452873303167421,
        "support": 200.0
      }
    },
    "RandomForestClassifier": {
      "Adventure": {
        "precision": 0.9696969696969697,
        "recall": 0.9411764705882353,
        "f1-score": 0.9552238805970149,
        "support": 34.0
      },
      "Relaxation": {
        "precision": 0.967741935483871,
        "recall": 0.9090909090909091,
        "f1-score": 0.9375,
        "support": 33.0
      },
      "Culture": {
        "precision": 0.9696969696969697,
        "recall": 0.9696969696969697,
        "f1-score": 0.9696969696969697,
        "support": 33.0
      },
      "Budget": {
        "precision": 0.8888888888888888,
        "recall": 0.9411764705882353,
        "f1-score": 0.9142857142857143,
        "support": 34.0
      },
      "Luxury": {
        "precision": 0.9705882352941176,
        "recall": 1.0,
        "f1-score": 0.9850746268656716,
        "support": 33.0
      },
      "Family": {
        "precision": 1.0,
        "recall": 1.0,
        "f1-score": 1.0,
        "support": 33.0
      },
      "accuracy": 0.96,
      "macro avg": {
        "precision": 0.9611021665101361,
        "recall": 0.9601901366607248,
        "f1-score": 0.9602968652408951,
        "support": 200.0
      },
      "weighted avg": {
        "precision": 0.9607840741379641,
        "recall": 0.96,
        "f1-score": 0.9600414445629,
        "support": 200.0
      }
    },
    "SVC": {
      "Adventure": {
        "precision": 0.9411764705882353,
        "recall": 0.9411764705882353,
        "f1-score": 0.9411764705882353,
        "support": 34.0
      },
      "Relaxation": {
        "precision": 1.0,
        "recall": 0.9090909090909091,
        "f1-score": 0.9523809523809523,
        "support": 33.0
      },
      "Culture": {
        "precision": 0.9705882352941176,
        "recall": 1.0,
        "f1-score": 0.9850746268656716,
        "support": 33.0
      },
      "Budget": {
        "precision": 0.9428571428571428,
        "recall": 0.9705882352941176,
        "f1-score": 0.9565217391304348,
        "support": 34.0
      },
      "Luxury": {
        "precision": 0.9705882352941176,
        "recall": 1.0,
        "f1-score": 0.9850746268656716,
        "support": 33.0
      },
      "Family": {
        "precision": 0.9696969696969697,
        "recall": 0.9696969696969697,
        "f1-score": 0.9696969696969697,
        "support": 33.0
      },
      "accuracy": 0.965,
      "macro avg": {
        "precision": 0.9658178422884305,
        "recall": 0.9650920974450385,
        "f1-score": 0.9649875642546558,
        "support": 200.0
      },
      "weighted avg": {
        "precision": 0.9655798319327731,
        "recall": 0.965,
        "f1-score": 0.9648261796607028,
        "support": 200.0
      }
    },
    "RandomForestTuned": {
      "Adventure": {
        "precision": 0.9696969696969697,
        "recall": 0.9411764705882353,
        "f1-score": 0.9552238805970149,
        "support": 34.0
      },
      "Relaxation": {
        "precision": 0.967741935483871,
        "recall": 0.9090909090909091,
        "f1-score": 0.9375,
        "support": 33.0
      },
      "Culture": {
        "precision": 0.9696969696969697,
        "recall": 0.9696969696969697,
        "f1-score": 0.9696969696969697,
        "support": 33.0
      },
      "Budget": {
        "precision": 0.8888888888888888,
        "recall": 0.9411764705882353,
        "f1-score": 0.9142857142857143,
        "support": 34.0
      },
      "Luxury": {
        "precision": 0.9705882352941176,
        "recall": 1.0,
        "f1-score": 0.9850746268656716,
        "support": 33.0
      },
      "Family": {
        "precision": 1.0,
        "recall": 1.0,
        "f1-score": 1.0,
        "support": 33.0
      },
      "accuracy": 0.96,
      "macro avg": {
        "precision": 0.9611021665101361,
        "recall": 0.9601901366607248,
        "f1-score": 0.9602968652408951,
        "support": 200.0
      },
      "weighted avg": {
        "precision": 0.9607840741379641,
        "recall": 0.96,
        "f1-score": 0.9600414445629,
        "support": 200.0
      }
    }
  }
}